ID,NAME,SECURITY,EFFECT
31000001,J055520,C14,redGiant
31000002,J110145,C15,cataclysmic
31000003,J164710,C16,magnetar
31000004,J200727,C17,pulsar
31000005,Thera,C12,
31000006,J174618,C18,wolfRayet
31000007,J105443,C1,
31000008,J100744,C1,cataclysmic
31000009,J225046,C1,
31000010,J160837,C1,
31000011,J114700,C1,
31000012,J134914,C1,
31000013,J102655,C1,
31000014,J134312,C1,magnetar
31000015,J205818,C1,
31000016,J113434,C1,
31000017,J105711,C1,cataclysmic
31000018,J164218,C1,
31000019,J154535,C1,blackHole
31000020,J111301,C1,cataclysmic
31000021,J135038,C1,
31000022,J121358,C1,
31000023,J222914,C1,pulsar
31000024,J155429,C1,
31000025,J204640,C1,blackHole
31000026,J162604,C1,
31000027,J164807,C1,
31000028,J233317,C1,wolfRayet
31000029,J155023,C1,
31000030,J112628,C1,wolfRayet
31000031,J153001,C1,
31000032,J143204,C1,
31000033,J101729,C1,
31000034,J221203,C1,blackHole
31000035,J125428,C1,
31000036,J131854,C1,blackHole
31000037,J160534,C1,
31000038,J144855,C1,
31000039,J101453,C1,
31000040,J144913,C1,
31000041,J144530,C1,
31000042,J135411,C1,magnetar
31000043,J125713,C1,
31000044,J105521,C1,redGiant
31000045,J224324,C1,
31000046,J163203,C1,cataclysmic
31000047,J171818,C1,magnetar
31000048,J145337,C1,
31000049,J150131,C1,
31000050,J130842,C1,
31000051,J145406,C1,
31000052,J103404,C1,wolfRayet
31000053,J112124,C1,
31000054,J124926,C1,cataclysmic
31000055,J232605,C1,
31000056,J144938,C1,
31000057,J233828,C1,
31000058,J130714,C1,blackHole
31000059,J142701,C1,
31000060,J154226,C1,
31000061,J125843,C1,
31000062,J155459,C1,
31000063,J225555,C1,magnetar
31000064,J115549,C1,
31000065,J140741,C1,blackHole
31000066,J104140,C1,
31000067,J101757,C1,blackHole
31000068,J100250,C1,
31000069,J113721,C1,
31000070,J105039,C1,pulsar
31000071,J233550,C1,
31000072,J114033,C1,wolfRayet
31000073,J105936,C1,redGiant
31000074,J140121,C1,magnetar
31000075,J154029,C1,
31000076,J101336,C1,cataclysmic
31000077,J160039,C1,
31000078,J161257,C1,redGiant
31000079,J144303,C1,
31000080,J121131,C1,wolfRayet
31000081,J113653,C1,
31000082,J123454,C1,wolfRayet
31000083,J110750,C1,
31000084,J151106,C1,magnetar
31000085,J100040,C1,blackHole
31000086,J223733,C1,
31000087,J110431,C1,cataclysmic
31000088,J134446,C1,
31000089,J143202,C1,
31000090,J210436,C1,
31000091,J133030,C1,cataclysmic
31000092,J170645,C1,
31000093,J103151,C1,pulsar
31000094,J222206,C1,
31000095,J130602,C1,
31000096,J123708,C1,
31000097,J123831,C1,
31000098,J164927,C1,
31000099,J134143,C1,
31000100,J214534,C1,
31000101,J135250,C1,
31000102,J111707,C1,
31000103,J135245,C1,
31000104,J101408,C1,
31000105,J215117,C1,
31000106,J141019,C1,
31000107,J102206,C1,
31000108,J125903,C1,
31000109,J134939,C1,
31000110,J162641,C1,redGiant
31000111,J152537,C1,blackHole
31000112,J224442,C1,blackHole
31000113,J104138,C1,magnetar
31000114,J121516,C1,
31000115,J114540,C1,
31000116,J155013,C1,
31000117,J144450,C1,
31000118,J141239,C1,
31000119,J115545,C1,
31000120,J114905,C1,
31000121,J120522,C1,
31000122,J172907,C1,pulsar
31000123,J164550,C1,magnetar
31000124,J141812,C1,
31000125,J134637,C1,
31000126,J134132,C1,
31000127,J125011,C1,
31000128,J105942,C1,cataclysmic
31000129,J171653,C1,
31000130,J110213,C1,
31000131,J115048,C1,
31000132,J174405,C1,wolfRayet
31000133,J123111,C1,
31000134,J123047,C1,
31000135,J231541,C1,
31000136,J215900,C1,cataclysmic
31000137,J110651,C1,
31000138,J140602,C1,
31000139,J163804,C1,wolfRayet
31000140,J125209,C1,magnetar
31000141,J140831,C1,
31000142,J161811,C1,
31000143,J112913,C1,
31000144,J105632,C1,
31000145,J160710,C1,
31000146,J160835,C1,
31000147,J122659,C1,
31000148,J130931,C1,
31000149,J161115,C1,
31000150,J120734,C1,
31000151,J110906,C1,
31000152,J121418,C1,
31000153,J113820,C1,
31000154,J113506,C1,
31000155,J172240,C1,
31000156,J110101,C1,
31000157,J110108,C1,
31000158,J213555,C1,blackHole
31000159,J144704,C1,
31000160,J115815,C1,
31000161,J133653,C1,
31000162,J171700,C1,
31000163,J104628,C1,
31000164,J114546,C1,
31000165,J235419,C1,
31000166,J204503,C1,magnetar
31000167,J215417,C1,
31000168,J110545,C1,
31000169,J153536,C1,
31000170,J150407,C1,redGiant
31000171,J153530,C1,
31000172,J131232,C1,
31000173,J101020,C1,
31000174,J133613,C1,
31000175,J165901,C1,
31000176,J152006,C1,
31000177,J160345,C1,
31000178,J134330,C1,
31000179,J213342,C1,
31000180,J150745,C1,
31000181,J165056,C1,
31000182,J150827,C1,
31000183,J144632,C1,
31000184,J102630,C1,
31000185,J133335,C1,
31000186,J125925,C1,
31000187,J142617,C1,
31000188,J150818,C1,pulsar
31000189,J114420,C1,
31000190,J112250,C1,
31000191,J155935,C1,
31000192,J115738,C1,pulsar
31000193,J232715,C1,
31000194,J110051,C1,
31000195,J152928,C1,
31000196,J132216,C1,
31000197,J132758,C1,cataclysmic
31000198,J134145,C1,pulsar
31000199,J102849,C1,
31000200,J120335,C1,
31000201,J104439,C1,wolfRayet
31000202,J122717,C1,
31000203,J101817,C1,
31000204,J131551,C1,blackHole
31000205,J115200,C1,
31000206,J155029,C1,blackHole
31000207,J223703,C1,
31000208,J233359,C1,
31000209,J114107,C1,
31000210,J152014,C1,
31000211,J100211,C1,
31000212,J104103,C1,
31000213,J171019,C1,cataclysmic
31000214,J114313,C1,
31000215,J130542,C1,
31000216,J114719,C1,
31000217,J130322,C1,
31000218,J161524,C1,pulsar
31000219,J162858,C1,
31000220,J121158,C1,blackHole
31000221,J113050,C1,
31000222,J141514,C1,
31000223,J220654,C1,
31000224,J162118,C1,cataclysmic
31000225,J231004,C1,cataclysmic
31000226,J120621,C1,
31000227,J151601,C1,
31000228,J105837,C1,
31000229,J143133,C1,
31000230,J100422,C1,redGiant
31000231,J104335,C1,wolfRayet
31000232,J105700,C1,
31000233,J215431,C1,
31000234,J143628,C1,
31000235,J141150,C1,
31000236,J163743,C1,
31000237,J161509,C1,
31000238,J150629,C1,
31000239,J141017,C1,
31000240,J130045,C1,
31000241,J123748,C1,
31000242,J124051,C1,
31000243,J151141,C1,
31000244,J112129,C1,
31000245,J213653,C1,
31000246,J143649,C1,
31000247,J223855,C1,redGiant
31000248,J140019,C1,blackHole
31000249,J110605,C1,
31000250,J122843,C1,pulsar
31000251,J205004,C1,
31000252,J122114,C1,
31000253,J163533,C1,pulsar
31000254,J151518,C1,
31000255,J122712,C1,
31000256,J143002,C1,blackHole
31000257,J160307,C1,redGiant
31000258,J213932,C1,
31000259,J102414,C1,
31000260,J170949,C1,
31000261,J235001,C1,
31000262,J103320,C1,
31000263,J141038,C1,wolfRayet
31000264,J172003,C1,
31000265,J124215,C1,magnetar
31000266,J215754,C1,redGiant
31000267,J102837,C1,cataclysmic
31000268,J130155,C1,
31000269,J170544,C1,
31000270,J142649,C1,
31000271,J150539,C1,blackHole
31000272,J163156,C1,
31000273,J120338,C1,wolfRayet
31000274,J142941,C1,magnetar
31000275,J110126,C1,
31000276,J155504,C1,
31000277,J144228,C1,redGiant
31000278,J223650,C1,
31000279,J102734,C1,
31000280,J105232,C1,
31000281,J133128,C1,
31000282,J140135,C1,pulsar
31000283,J115216,C1,
31000284,J153311,C1,
31000285,J164756,C1,
31000286,J165216,C1,redGiant
31000287,J114914,C1,cataclysmic
31000288,J212504,C1,wolfRayet
31000289,J120256,C1,
31000290,J143421,C1,
31000291,J223026,C1,
31000292,J102918,C1,
31000293,J142136,C1,
31000294,J134540,C1,
31000295,J124451,C1,
31000296,J102749,C1,
31000297,J165741,C1,cataclysmic
31000298,J142119,C1,
31000299,J105642,C1,
31000300,J154354,C1,magnetar
31000301,J102005,C1,
31000302,J133052,C1,
31000303,J103341,C1,
31000304,J142114,C1,
31000305,J152353,C1,
31000306,J120431,C1,
31000307,J103547,C1,
31000308,J161107,C1,
31000309,J160334,C1,blackHole
31000310,J101845,C1,
31000311,J171805,C1,redGiant
31000312,J134610,C1,wolfRayet
31000313,J173842,C1,
31000314,J155203,C1,wolfRayet
31000315,J121935,C1,
31000316,J105013,C1,cataclysmic
31000317,J161846,C1,
31000318,J113632,C1,magnetar
31000319,J170106,C1,
31000320,J123828,C1,
31000321,J172147,C1,
31000322,J164759,C1,
31000323,J212957,C1,
31000324,J212338,C1,
31000325,J115823,C1,
31000326,J112744,C1,
31000327,J121941,C1,
31000328,J125650,C1,
31000329,J161344,C1,blackHole
31000330,J134833,C1,
31000331,J143517,C1,blackHole
31000332,J133245,C1,redGiant
31000333,J113918,C1,
31000334,J161644,C1,
31000335,J152257,C1,
31000336,J155833,C1,magnetar
31000337,J151332,C1,
31000338,J231306,C1,wolfRayet
31000339,J171312,C1,
31000340,J112406,C1,cataclysmic
31000341,J212904,C1,
31000342,J111811,C1,
31000343,J104201,C1,
31000344,J150216,C1,
31000345,J112934,C1,
31000346,J115808,C1,
31000347,J121915,C1,
31000348,J133259,C1,
31000349,J150325,C1,
31000350,J122224,C1,
31000351,J131702,C1,pulsar
31000352,J141807,C1,
31000353,J142327,C1,
31000354,J144822,C1,
31000355,J164417,C2,
31000356,J125227,C2,pulsar
31000357,J113057,C2,
31000358,J101524,C2,
31000359,J124508,C2,
31000360,J141156,C2,
31000361,J222822,C2,
31000362,J104253,C2,
31000363,J144153,C2,
31000364,J103406,C2,pulsar
31000365,J133210,C2,
31000366,J111740,C2,
31000367,J125956,C2,
31000368,J105951,C2,
31000369,J141857,C2,
31000370,J120726,C2,
31000371,J155737,C2,pulsar
31000372,J144605,C2,
31000373,J144218,C2,
31000374,J114835,C2,
31000375,J134006,C2,
31000376,J160941,C2,
31000377,J111557,C2,
31000378,J124219,C2,
31000379,J155620,C2,wolfRayet
31000380,J114346,C2,
31000381,J153532,C2,pulsar
31000382,J211936,C2,
31000383,J211036,C2,
31000384,J145805,C2,
31000385,J151548,C2,magnetar
31000386,J160412,C2,pulsar
31000387,J104008,C2,
31000388,J145715,C2,
31000389,J235321,C2,cataclysmic
31000390,J103339,C2,
31000391,J132009,C2,
31000392,J210548,C2,
31000393,J235408,C2,
31000394,J122821,C2,
31000395,J121925,C2,cataclysmic
31000396,J151047,C2,pulsar
31000397,J111011,C2,
31000398,J154212,C2,
31000399,J130256,C2,magnetar
31000400,J113230,C2,
31000401,J132557,C2,
31000402,J233534,C2,magnetar
31000403,J232801,C2,
31000404,J153627,C2,magnetar
31000405,J134800,C2,
31000406,J111508,C2,
31000407,J143639,C2,
31000408,J160753,C2,
31000409,J151231,C2,
31000410,J142547,C2,
31000411,J142306,C2,
31000412,J210422,C2,
31000413,J112137,C2,
31000414,J160715,C2,blackHole
31000415,J145931,C2,
31000416,J103217,C2,magnetar
31000417,J143505,C2,
31000418,J142533,C2,pulsar
31000419,J112146,C2,redGiant
31000420,J103839,C2,wolfRayet
31000421,J152433,C2,redGiant
31000422,J110408,C2,
31000423,J205546,C2,
31000424,J152801,C2,pulsar
31000425,J120308,C2,
31000426,J103948,C2,
31000427,J112820,C2,
31000428,J231837,C2,
31000429,J110043,C2,
31000430,J121454,C2,
31000431,J230959,C2,
31000432,J103408,C2,redGiant
31000433,J162720,C2,redGiant
31000434,J132418,C2,
31000435,J164235,C2,pulsar
31000436,J143429,C2,
31000437,J134654,C2,
31000438,J112801,C2,
31000439,J110656,C2,
31000440,J134951,C2,
31000441,J155307,C2,
31000442,J131204,C2,
31000443,J213737,C2,blackHole
31000444,J235117,C2,
31000445,J164938,C2,
31000446,J120310,C2,blackHole
31000447,J144838,C2,
31000448,J101307,C2,
31000449,J172354,C2,
31000450,J235447,C2,
31000451,J124023,C2,
31000452,J171424,C2,
31000453,J150921,C2,
31000454,J171518,C2,
31000455,J140012,C2,
31000456,J155616,C2,blackHole
31000457,J234557,C2,
31000458,J162700,C2,
31000459,J103716,C2,
31000460,J100640,C2,
31000461,J151250,C2,
31000462,J141332,C2,wolfRayet
31000463,J211915,C2,cataclysmic
31000464,J144546,C2,pulsar
31000465,J145759,C2,
31000466,J103422,C2,wolfRayet
31000467,J130222,C2,
31000468,J165357,C2,
31000469,J105321,C2,
31000470,J105803,C2,
31000471,J130209,C2,
31000472,J122832,C2,redGiant
31000473,J143359,C2,
31000474,J100447,C2,blackHole
31000475,J115651,C2,
31000476,J134323,C2,wolfRayet
31000477,J160014,C2,redGiant
31000478,J110823,C2,redGiant
31000479,J100246,C2,
31000480,J131221,C2,
31000481,J145155,C2,
31000482,J114405,C2,
31000483,J215537,C2,
31000484,J172551,C2,
31000485,J131107,C2,blackHole
31000486,J113108,C2,
31000487,J172556,C2,
31000488,J123450,C2,wolfRayet
31000489,J135809,C2,redGiant
31000490,J212319,C2,pulsar
31000491,J104210,C2,pulsar
31000492,J170038,C2,blackHole
31000493,J104115,C2,
31000494,J114758,C2,pulsar
31000495,J231517,C2,cataclysmic
31000496,J114055,C2,
31000497,J120619,C2,
31000498,J213058,C2,
31000499,J162430,C2,
31000500,J120928,C2,redGiant
31000501,J132918,C2,
31000502,J105203,C2,
31000503,J104328,C2,
31000504,J130854,C2,
31000505,J164130,C2,
31000506,J110316,C2,
31000507,J122331,C2,
31000508,J133419,C2,cataclysmic
31000509,J150137,C2,
31000510,J140112,C2,
31000511,J125721,C2,
31000512,J154515,C2,
31000513,J135703,C2,pulsar
31000514,J102347,C2,
31000515,J234942,C2,redGiant
31000516,J134618,C2,blackHole
31000517,J154858,C2,
31000518,J132052,C2,magnetar
31000519,J114046,C2,redGiant
31000520,J150859,C2,
31000521,J151615,C2,cataclysmic
31000522,J122246,C2,
31000523,J132559,C2,
31000524,J230207,C2,
31000525,J140308,C2,
31000526,J140642,C2,
31000527,J114306,C2,
31000528,J154606,C2,
31000529,J135910,C2,cataclysmic
31000530,J132024,C2,
31000531,J160311,C2,
31000532,J142239,C2,
31000533,J101149,C2,
31000534,J154538,C2,
31000535,J144426,C2,
31000536,J150341,C2,wolfRayet
31000537,J122124,C2,
31000538,J112614,C2,
31000539,J145316,C2,magnetar
31000540,J215736,C2,redGiant
31000541,J163138,C2,pulsar
31000542,J100033,C2,
31000543,J170552,C2,
31000544,J104820,C2,
31000545,J131240,C2,
31000546,J120442,C2,
31000547,J105000,C2,magnetar
31000548,J164507,C2,cataclysmic
31000549,J144956,C2,
31000550,J114712,C2,
31000551,J211908,C2,
31000552,J150700,C2,
31000553,J164931,C2,
31000554,J121412,C2,wolfRayet
31000555,J145211,C2,blackHole
31000556,J174449,C2,
31000557,J133015,C2,
31000558,J134534,C2,pulsar
31000559,J153229,C2,
31000560,J133557,C2,wolfRayet
31000561,J150807,C2,
31000562,J110413,C2,
31000563,J105352,C2,
31000564,J161246,C2,
31000565,J125927,C2,redGiant
31000566,J130650,C2,cataclysmic
31000567,J142826,C2,wolfRayet
31000568,J152737,C2,blackHole
31000569,J225316,C2,cataclysmic
31000570,J163146,C2,cataclysmic
31000571,J134107,C2,
31000572,J104850,C2,
31000573,J131124,C2,
31000574,J123435,C2,
31000575,J150853,C2,
31000576,J170558,C2,blackHole
31000577,J214238,C2,magnetar
31000578,J110538,C2,redGiant
31000579,J143336,C2,
31000580,J232044,C2,cataclysmic
31000581,J145225,C2,blackHole
31000582,J231210,C2,
31000583,J223853,C2,
31000584,J234542,C2,
31000585,J115911,C2,wolfRayet
31000586,J135155,C2,
31000587,J152825,C2,
31000588,J115334,C2,cataclysmic
31000589,J114749,C2,
31000590,J134730,C2,blackHole
31000591,J105544,C2,cataclysmic
31000592,J233129,C2,
31000593,J114528,C2,redGiant
31000594,J103351,C2,
31000595,J152322,C2,cataclysmic
31000596,J132617,C2,
31000597,J104517,C2,
31000598,J132401,C2,
31000599,J142918,C2,wolfRayet
31000600,J163902,C2,redGiant
31000601,J214843,C2,wolfRayet
31000602,J173322,C2,
31000603,J120252,C2,
31000604,J232305,C2,pulsar
31000605,J123907,C2,
31000606,J144057,C2,
31000607,J223320,C2,
31000608,J153247,C2,wolfRayet
31000609,J204623,C2,
31000610,J223348,C2,
31000611,J115734,C2,cataclysmic
31000612,J154735,C2,
31000613,J115314,C2,cataclysmic
31000614,J164816,C2,
31000615,J132712,C2,
31000616,J124530,C2,
31000617,J134949,C2,
31000618,J132458,C2,cataclysmic
31000619,J160927,C2,cataclysmic
31000620,J150836,C2,magnetar
31000621,J102222,C2,cataclysmic
31000622,J103144,C2,
31000623,J135629,C2,
31000624,J115530,C2,
31000625,J133111,C2,
31000626,J150904,C2,pulsar
31000627,J111846,C2,
31000628,J152950,C2,cataclysmic
31000629,J120704,C2,
31000630,J104718,C2,wolfRayet
31000631,J131808,C2,
31000632,J231644,C2,wolfRayet
31000633,J232147,C2,
31000634,J132048,C2,
31000635,J172350,C2,
31000636,J145619,C2,
31000637,J163446,C2,
31000638,J140816,C2,
31000639,J141015,C2,
31000640,J101346,C2,
31000641,J212238,C2,cataclysmic
31000642,J235852,C2,blackHole
31000643,J134349,C2,cataclysmic
31000644,J204221,C2,
31000645,J110910,C2,
31000646,J131753,C2,
31000647,J113221,C2,
31000648,J152941,C2,
31000649,J144727,C2,
31000650,J143320,C2,magnetar
31000651,J155551,C2,
31000652,J162516,C2,
31000653,J135827,C2,redGiant
31000654,J131706,C2,cataclysmic
31000655,J214854,C2,
31000656,J150109,C2,
31000657,J103512,C2,
31000658,J121658,C2,wolfRayet
31000659,J143706,C2,
31000660,J235924,C2,
31000661,J103854,C2,
31000662,J214725,C2,
31000663,J101415,C2,redGiant
31000664,J122837,C2,
31000665,J125727,C2,blackHole
31000666,J142847,C2,magnetar
31000667,J155035,C2,
31000668,J102504,C2,
31000669,J160305,C2,
31000670,J151503,C2,redGiant
31000671,J142838,C2,redGiant
31000672,J131034,C2,wolfRayet
31000673,J214901,C2,wolfRayet
31000674,J113323,C2,wolfRayet
31000675,J112956,C2,blackHole
31000676,J104802,C2,
31000677,J100808,C2,
31000678,J100509,C2,
31000679,J142055,C2,
31000680,J135141,C2,
31000681,J151902,C2,
31000682,J235759,C2,cataclysmic
31000683,J164613,C2,magnetar
31000684,J225805,C2,
31000685,J112916,C2,
31000686,J115347,C2,
31000687,J224217,C2,
31000688,J110555,C2,
31000689,J143455,C2,
31000690,J111141,C2,
31000691,J104606,C2,pulsar
31000692,J222830,C2,pulsar
31000693,J123249,C2,
31000694,J115310,C2,
31000695,J143702,C2,blackHole
31000696,J223538,C2,
31000697,J131618,C2,
31000698,J215944,C2,
31000699,J121952,C2,
31000700,J121928,C2,redGiant
31000701,J105439,C2,
31000702,J150627,C2,
31000703,J121745,C2,cataclysmic
31000704,J141438,C2,
31000705,J214929,C2,
31000706,J130709,C2,
31000707,J103924,C2,
31000708,J211000,C2,redGiant
31000709,J123555,C2,
31000710,J151125,C2,magnetar
31000711,J123412,C2,cataclysmic
31000712,J112309,C2,
31000713,J123850,C2,
31000714,J163923,C2,
31000715,J143546,C2,
31000716,J130832,C2,
31000717,J221337,C2,
31000718,J113449,C2,magnetar
31000719,J212607,C2,
31000720,J165157,C2,redGiant
31000721,J142937,C2,
31000722,J120455,C2,
31000723,J122638,C2,
31000724,J161411,C2,wolfRayet
31000725,J124028,C2,
31000726,J134735,C2,
31000727,J142845,C2,
31000728,J140750,C2,
31000729,J104515,C2,wolfRayet
31000730,J113039,C2,
31000731,J111159,C2,
31000732,J105342,C2,
31000733,J121728,C2,
31000734,J115700,C2,wolfRayet
31000735,J143234,C2,
31000736,J122524,C2,
31000737,J124007,C2,redGiant
31000738,J150533,C2,
31000739,J143933,C2,
31000740,J225128,C2,magnetar
31000741,J133632,C2,redGiant
31000742,J131744,C2,
31000743,J125923,C2,
31000744,J161138,C2,redGiant
31000745,J125824,C2,
31000746,J223511,C2,
31000747,J134401,C2,
31000748,J214739,C2,pulsar
31000749,J104321,C2,
31000750,J115327,C2,wolfRayet
31000751,J154937,C2,
31000752,J112505,C2,
31000753,J102739,C2,
31000754,J171309,C2,
31000755,J133417,C2,
31000756,J124749,C2,
31000757,J122137,C2,magnetar
31000758,J140353,C2,
31000759,J104029,C2,
31000760,J151348,C2,pulsar
31000761,J163522,C2,
31000762,J131315,C2,blackHole
31000763,J114008,C2,magnetar
31000764,J233839,C2,redGiant
31000765,J112558,C2,
31000766,J114308,C2,
31000767,J130125,C2,
31000768,J173213,C2,
31000769,J160126,C2,
31000770,J154813,C2,
31000771,J215151,C2,
31000772,J144739,C2,
31000773,J102602,C2,
31000774,J120924,C2,
31000775,J212906,C2,
31000776,J101719,C2,
31000777,J101824,C2,
31000778,J153003,C2,
31000779,J105123,C2,
31000780,J122635,C2,redGiant
31000781,J152624,C2,
31000782,J224145,C2,
31000783,J163318,C2,
31000784,J144004,C2,
31000785,J122931,C2,
31000786,J173245,C2,
31000787,J145246,C2,redGiant
31000788,J124526,C2,redGiant
31000789,J165648,C2,
31000790,J134405,C2,
31000791,J213111,C2,
31000792,J135422,C2,
31000793,J153030,C2,wolfRayet
31000794,J120634,C2,
31000795,J102209,C2,
31000796,J123540,C2,
31000797,J112715,C2,redGiant
31000798,J162159,C2,
31000799,J122118,C2,wolfRayet
31000800,J105244,C2,blackHole
31000801,J123958,C2,cataclysmic
31000802,J223552,C2,wolfRayet
31000803,J232359,C2,
31000804,J171539,C2,
31000805,J100102,C2,
31000806,J154249,C2,
31000807,J105311,C2,
31000808,J210536,C2,
31000809,J151248,C2,
31000810,J131852,C2,
31000811,J141611,C2,
31000812,J113723,C2,
31000813,J121323,C2,
31000814,J144422,C2,
31000815,J140722,C2,
31000816,J141637,C2,magnetar
31000817,J112617,C2,
31000818,J150754,C2,
31000819,J102946,C2,cataclysmic
31000820,J115234,C2,
31000821,J145145,C2,redGiant
31000822,J145426,C2,
31000823,J122732,C2,
31000824,J144203,C2,
31000825,J140843,C2,
31000826,J155631,C2,
31000827,J235525,C2,
31000828,J121749,C2,
31000829,J162518,C2,blackHole
31000830,J132012,C2,
31000831,J102038,C2,redGiant
31000832,J150234,C2,cataclysmic
31000833,J112520,C2,
31000834,J165412,C2,
31000835,J151102,C2,blackHole
31000836,J133049,C2,
31000837,J161628,C2,
31000838,J134306,C2,
31000839,J131842,C2,
31000840,J232329,C2,blackHole
31000841,J164921,C2,cataclysmic
31000842,J203814,C2,
31000843,J151311,C2,
31000844,J101650,C2,wolfRayet
31000845,J165006,C2,
31000846,J103533,C2,magnetar
31000847,J101441,C2,redGiant
31000848,J124253,C2,
31000849,J232200,C2,
31000850,J144326,C2,
31000851,J124449,C2,blackHole
31000852,J100642,C2,
31000853,J133150,C2,
31000854,J164126,C2,
31000855,J171142,C2,
31000856,J145634,C2,
31000857,J151431,C2,
31000858,J233555,C2,
31000859,J100651,C2,redGiant
31000860,J132103,C2,
31000861,J121720,C2,blackHole
31000862,J210355,C2,
31000863,J125029,C2,
31000864,J103619,C2,pulsar
31000865,J165014,C2,
31000866,J124611,C2,
31000867,J150418,C2,wolfRayet
31000868,J145440,C2,
31000869,J113223,C2,
31000870,J234915,C2,
31000871,J162042,C2,
31000872,J112019,C2,pulsar
31000873,J162332,C2,
31000874,J125350,C2,
31000875,J101710,C2,blackHole
31000876,J223029,C2,
31000877,J234810,C2,
31000878,J135230,C2,
31000879,J111038,C2,
31000880,J160650,C3,
31000881,J114342,C3,blackHole
31000882,J152031,C3,
31000883,J113629,C3,
31000884,J220301,C3,
31000885,J102057,C3,pulsar
31000886,J124753,C3,magnetar
31000887,J114225,C3,
31000888,J105002,C3,
31000889,J111218,C3,
31000890,J111634,C3,
31000891,J105007,C3,magnetar
31000892,J205027,C3,
31000893,J111355,C3,
31000894,J101012,C3,redGiant
31000895,J161338,C3,
31000896,J170002,C3,
31000897,J104654,C3,
31000898,J124329,C3,redGiant
31000899,J114648,C3,pulsar
31000900,J131228,C3,redGiant
31000901,J110448,C3,
31000902,J144621,C3,redGiant
31000903,J153104,C3,
31000904,J100932,C3,
31000905,J114048,C3,
31000906,J115706,C3,
31000907,J123230,C3,magnetar
31000908,J152218,C3,magnetar
31000909,J123303,C3,cataclysmic
31000910,J102856,C3,redGiant
31000911,J151900,C3,cataclysmic
31000912,J124646,C3,
31000913,J153528,C3,
31000914,J112850,C3,
31000915,J102257,C3,
31000916,J142414,C3,blackHole
31000917,J165803,C3,wolfRayet
31000918,J115918,C3,pulsar
31000919,J222104,C3,
31000920,J124203,C3,
31000921,J112608,C3,
31000922,J161657,C3,
31000923,J111805,C3,wolfRayet
31000924,J113451,C3,
31000925,J141007,C3,wolfRayet
31000926,J164034,C3,
31000927,J101750,C3,
31000928,J165001,C3,redGiant
31000929,J111619,C3,
31000930,J140521,C3,wolfRayet
31000931,J140752,C3,cataclysmic
31000932,J143447,C3,
31000933,J142018,C3,
31000934,J105102,C3,wolfRayet
31000935,J124630,C3,
31000936,J165302,C3,magnetar
31000937,J143916,C3,
31000938,J221414,C3,
31000939,J153903,C3,
31000940,J103955,C3,cataclysmic
31000941,J210952,C3,
31000942,J134102,C3,
31000943,J140050,C3,redGiant
31000944,J131757,C3,
31000945,J140341,C3,
31000946,J111856,C3,
31000947,J102407,C3,
31000948,J151341,C3,
31000949,J110706,C3,
31000950,J133651,C3,
31000951,J123452,C3,cataclysmic
31000952,J102143,C3,wolfRayet
31000953,J220832,C3,pulsar
31000954,J160847,C3,
31000955,J125949,C3,
31000956,J164250,C3,blackHole
31000957,J212329,C3,
31000958,J112905,C3,
31000959,J144447,C3,
31000960,J113530,C3,magnetar
31000961,J103604,C3,wolfRayet
31000962,J142038,C3,pulsar
31000963,J130403,C3,
31000964,J132525,C3,
31000965,J103653,C3,
31000966,J154642,C3,blackHole
31000967,J163526,C3,
31000968,J212713,C3,
31000969,J132635,C3,
31000970,J114330,C3,
31000971,J224926,C3,
31000972,J113619,C3,blackHole
31000973,J214654,C3,
31000974,J151429,C3,
31000975,J111214,C3,
31000976,J113420,C3,
31000977,J135526,C3,
31000978,J164116,C3,
31000979,J214227,C3,pulsar
31000980,J164342,C3,wolfRayet
31000981,J151538,C3,magnetar
31000982,J125938,C3,
31000983,J165806,C3,wolfRayet
31000984,J122803,C3,cataclysmic
31000985,J113243,C3,
31000986,J134022,C3,cataclysmic
31000987,J152143,C3,
31000988,J170717,C3,
31000989,J121452,C3,
31000990,J124126,C3,
31000991,J173230,C3,
31000992,J164457,C3,
31000993,J112944,C3,
31000994,J115253,C3,
31000995,J100118,C3,magnetar
31000996,J100620,C3,
31000997,J145916,C3,pulsar
31000998,J223207,C3,
31000999,J144646,C3,
31001000,J142520,C3,magnetar
31001001,J230226,C3,
31001002,J150704,C3,
31001003,J225524,C3,blackHole
31001004,J133234,C3,
31001005,J125833,C3,
31001006,J104459,C3,redGiant
31001007,J164713,C3,
31001008,J135355,C3,
31001009,J220838,C3,
31001010,J225949,C3,
31001011,J130535,C3,redGiant
31001012,J111255,C3,
31001013,J121628,C3,
31001014,J221117,C3,
31001015,J115015,C3,cataclysmic
31001016,J172751,C3,redGiant
31001017,J134301,C3,pulsar
31001018,J104351,C3,
31001019,J144408,C3,blackHole
31001020,J220950,C3,
31001021,J165815,C3,
31001022,J120452,C3,
31001023,J142026,C3,magnetar
31001024,J111031,C3,magnetar
31001025,J130116,C3,magnetar
31001026,J111309,C3,
31001027,J122213,C3,
31001028,J170740,C3,
31001029,J113543,C3,
31001030,J170817,C3,cataclysmic
31001031,J123405,C3,
31001032,J125741,C3,
31001033,J114627,C3,wolfRayet
31001034,J155117,C3,
31001035,J165118,C3,
31001036,J141004,C3,
31001037,J174317,C3,wolfRayet
31001038,J145040,C3,
31001039,J171549,C3,pulsar
31001040,J100009,C3,pulsar
31001041,J124257,C3,
31001042,J154530,C3,
31001043,J152636,C3,
31001044,J100728,C3,redGiant
31001045,J115504,C3,
31001046,J104905,C3,
31001047,J125149,C3,pulsar
31001048,J172743,C3,
31001049,J111421,C3,cataclysmic
31001050,J152146,C3,pulsar
31001051,J111603,C3,
31001052,J114127,C3,blackHole
31001053,J113923,C3,
31001054,J123837,C3,
31001055,J125049,C3,
31001056,J161455,C3,pulsar
31001057,J124715,C3,blackHole
31001058,J124813,C3,blackHole
31001059,J120945,C3,pulsar
31001060,J155541,C3,
31001061,J105017,C3,pulsar
31001062,J154900,C3,
31001063,J164951,C3,
31001064,J162459,C3,
31001065,J141832,C3,
31001066,J115136,C3,
31001067,J112854,C3,redGiant
31001068,J222222,C3,
31001069,J124654,C3,wolfRayet
31001070,J132750,C3,
31001071,J170511,C3,
31001072,J155852,C3,
31001073,J121856,C3,
31001074,J131025,C3,
31001075,J122854,C3,redGiant
31001076,J132222,C3,
31001077,J203753,C3,
31001078,J130835,C3,
31001079,J134123,C3,cataclysmic
31001080,J133857,C3,wolfRayet
31001081,J171813,C3,magnetar
31001082,J143513,C3,cataclysmic
31001083,J112656,C3,
31001084,J154357,C3,
31001085,J154145,C3,
31001086,J100129,C3,
31001087,J155124,C3,
31001088,J133207,C3,pulsar
31001089,J124830,C3,
31001090,J144725,C3,magnetar
31001091,J170409,C3,redGiant
31001092,J103326,C3,
31001093,J160739,C3,pulsar
31001094,J133041,C3,cataclysmic
31001095,J205412,C3,
31001096,J145851,C3,cataclysmic
31001097,J132737,C3,redGiant
31001098,J130247,C3,blackHole
31001099,J151405,C3,
31001100,J131802,C3,wolfRayet
31001101,J221515,C3,
31001102,J142951,C3,
31001103,J101736,C3,
31001104,J233739,C3,
31001105,J221447,C3,
31001106,J145645,C3,
31001107,J153051,C3,
31001108,J141451,C3,
31001109,J131859,C3,wolfRayet
31001110,J144553,C3,
31001111,J145615,C3,
31001112,J223109,C3,cataclysmic
31001113,J132721,C3,
31001114,J103353,C3,
31001115,J173223,C3,
31001116,J104837,C3,
31001117,J163745,C3,
31001118,J101500,C3,
31001119,J224826,C3,wolfRayet
31001120,J230905,C3,
31001121,J110924,C3,
31001122,J122220,C3,magnetar
31001123,J165153,C3,pulsar
31001124,J204030,C3,
31001125,J134136,C3,
31001126,J113334,C3,
31001127,J125403,C3,
31001128,J162437,C3,
31001129,J235630,C3,
31001130,J105409,C3,
31001131,J163529,C3,
31001132,J152931,C3,
31001133,J131559,C3,redGiant
31001134,J143918,C3,
31001135,J104643,C3,wolfRayet
31001136,J212304,C3,cataclysmic
31001137,J154634,C3,blackHole
31001138,J172052,C3,pulsar
31001139,J135036,C3,cataclysmic
31001140,J134431,C3,
31001141,J121105,C3,
31001142,J120357,C3,
31001143,J101854,C3,
31001144,J232826,C3,
31001145,J154934,C3,cataclysmic
31001146,J170132,C3,blackHole
31001147,J114916,C3,
31001148,J142400,C3,
31001149,J115502,C3,
31001150,J121300,C3,redGiant
31001151,J223658,C3,
31001152,J124327,C3,
31001153,J220438,C3,
31001154,J144636,C3,
31001155,J113347,C3,
31001156,J150737,C3,
31001157,J152044,C3,magnetar
31001158,J142443,C3,wolfRayet
31001159,J164104,C3,
31001160,J155008,C3,
31001161,J114358,C3,
31001162,J122259,C3,pulsar
31001163,J125243,C3,
31001164,J114508,C3,
31001165,J125216,C3,
31001166,J113143,C3,
31001167,J101612,C3,
31001168,J101354,C3,
31001169,J100156,C3,
31001170,J110425,C3,pulsar
31001171,J133121,C3,
31001172,J165936,C3,
31001173,J213411,C3,redGiant
31001174,J231545,C3,pulsar
31001175,J121603,C3,
31001176,J222120,C3,
31001177,J231240,C3,
31001178,J164338,C3,magnetar
31001179,J142603,C3,wolfRayet
31001180,J212812,C3,wolfRayet
31001181,J164501,C3,
31001182,J144751,C3,
31001183,J214744,C3,wolfRayet
31001184,J135304,C3,
31001185,J223601,C3,magnetar
31001186,J103529,C3,
31001187,J161051,C3,cataclysmic
31001188,J224352,C3,
31001189,J113048,C3,
31001190,J140322,C3,
31001191,J152741,C3,
31001192,J222732,C3,
31001193,J171542,C3,
31001194,J205136,C3,
31001195,J121706,C3,pulsar
31001196,J143110,C3,
31001197,J110121,C3,wolfRayet
31001198,J104626,C3,
31001199,J212159,C3,
31001200,J151733,C3,wolfRayet
31001201,J103032,C3,cataclysmic
31001202,J150048,C3,
31001203,J113432,C3,blackHole
31001204,J134629,C3,
31001205,J113339,C3,pulsar
31001206,J122041,C3,
31001207,J130719,C3,
31001208,J204039,C3,magnetar
31001209,J101048,C3,
31001210,J114119,C3,blackHole
31001211,J110411,C3,
31001212,J104903,C3,
31001213,J151433,C3,
31001214,J143040,C3,
31001215,J133521,C3,
31001216,J163911,C3,redGiant
31001217,J204842,C3,
31001218,J135214,C3,magnetar
31001219,J131716,C3,redGiant
31001220,J225350,C3,redGiant
31001221,J105447,C3,
31001222,J144103,C3,
31001223,J165847,C3,cataclysmic
31001224,J121921,C3,wolfRayet
31001225,J212025,C3,magnetar
31001226,J145717,C3,pulsar
31001227,J113705,C3,blackHole
31001228,J132037,C3,
31001229,J224401,C3,
31001230,J152544,C3,wolfRayet
31001231,J114506,C3,
31001232,J231245,C3,redGiant
31001233,J151804,C3,pulsar
31001234,J105033,C3,
31001235,J214600,C3,blackHole
31001236,J152333,C3,
31001237,J131245,C3,pulsar
31001238,J151045,C3,
31001239,J160822,C3,
31001240,J125944,C3,magnetar
31001241,J173330,C3,
31001242,J115512,C3,
31001243,J161854,C3,blackHole
31001244,J122442,C3,blackHole
31001245,J114010,C3,
31001246,J153546,C3,wolfRayet
31001247,J141046,C3,
31001248,J160111,C3,wolfRayet
31001249,J101243,C3,
31001250,J214009,C3,
31001251,J152757,C3,
31001252,J164729,C3,wolfRayet
31001253,J171420,C3,
31001254,J232441,C3,redGiant
31001255,J131656,C3,
31001256,J135406,C3,blackHole
31001257,J230708,C3,
31001258,J120124,C3,
31001259,J132746,C3,
31001260,J212207,C3,
31001261,J104416,C3,pulsar
31001262,J104841,C3,
31001263,J172701,C3,wolfRayet
31001264,J104835,C3,
31001265,J113647,C3,
31001266,J144316,C3,pulsar
31001267,J114612,C3,
31001268,J130759,C3,
31001269,J164751,C3,
31001270,J131324,C3,redGiant
31001271,J230722,C3,blackHole
31001272,J134118,C3,cataclysmic
31001273,J164223,C3,pulsar
31001274,J154449,C3,
31001275,J172815,C3,
31001276,J151242,C3,
31001277,J213423,C3,redGiant
31001278,J145555,C3,
31001279,J101323,C3,
31001280,J112954,C3,
31001281,J133951,C3,
31001282,J150444,C3,
31001283,J153858,C3,
31001284,J172422,C3,magnetar
31001285,J155545,C3,
31001286,J161441,C3,
31001287,J125449,C3,pulsar
31001288,J210445,C3,
31001289,J123443,C3,
31001290,J121422,C3,
31001291,J155403,C3,
31001292,J103724,C3,redGiant
31001293,J112948,C3,blackHole
31001294,J235330,C3,
31001295,J121507,C3,
31001296,J235712,C3,
31001297,J125016,C3,cataclysmic
31001298,J151516,C3,
31001299,J132226,C3,blackHole
31001300,J170656,C3,
31001301,J155722,C3,
31001302,J150135,C3,
31001303,J151645,C3,wolfRayet
31001304,J211151,C3,
31001305,J213109,C3,
31001306,J233628,C3,
31001307,J102433,C3,
31001308,J111823,C3,
31001309,J211805,C3,
31001310,J172028,C3,
31001311,J101833,C3,
31001312,J104815,C3,
31001313,J124635,C3,blackHole
31001314,J110738,C3,
31001315,J170550,C3,
31001316,J143704,C3,
31001317,J143614,C3,
31001318,J170236,C3,
31001319,J153034,C3,pulsar
31001320,J220338,C3,
31001321,J171828,C3,
31001322,J112942,C3,
31001323,J112709,C3,wolfRayet
31001324,J161213,C3,
31001325,J140739,C3,pulsar
31001326,J213534,C3,wolfRayet
31001327,J165224,C3,
31001328,J170144,C3,
31001329,J162010,C3,cataclysmic
31001330,J110226,C3,cataclysmic
31001331,J104421,C3,cataclysmic
31001332,J104330,C3,
31001333,J170376,C3,
31001334,J100338,C3,
31001335,J110034,C3,
31001336,J124207,C3,
31001337,J132907,C3,
31001338,J100015,C3,
31001339,J144024,C3,
31001340,J122806,C3,
31001341,J133250,C3,
31001342,J135852,C3,
31001343,J130616,C3,magnetar
31001344,J204323,C3,
31001345,J120742,C3,
31001346,J105549,C3,
31001347,J103237,C3,
31001348,J215326,C3,
31001349,J121700,C3,cataclysmic
31001350,J124358,C3,
31001351,J112420,C3,
31001352,J130022,C3,magnetar
31001353,J155419,C3,
31001354,J135723,C3,wolfRayet
31001355,J105201,C3,cataclysmic
31001356,J133218,C3,magnetar
31001357,J143345,C3,
31001358,J115448,C3,
31001359,J135642,C3,
31001360,J205900,C3,
31001361,J112747,C3,
31001362,J121027,C3,
31001363,J124744,C3,pulsar
31001364,J161303,C3,
31001365,J141848,C3,
31001366,J104001,C3,
31001367,J102304,C3,
31001368,J172852,C3,
31001369,J131304,C3,magnetar
31001370,J145632,C3,
31001371,J102515,C3,
31001372,J160645,C3,
31001373,J135129,C3,blackHole
31001374,J115909,C3,
31001375,J160225,C4,
31001376,J210458,C4,wolfRayet
31001377,J113925,C4,blackHole
31001378,J204815,C4,
31001379,J104754,C4,
31001380,J130518,C4,
31001381,J142200,C4,cataclysmic
31001382,J103731,C4,
31001383,J100046,C4,cataclysmic
31001384,J230301,C4,
31001385,J165839,C4,blackHole
31001386,J235953,C4,
31001387,J115018,C4,wolfRayet
31001388,J133458,C4,
31001389,J221859,C4,
31001390,J170215,C4,
31001391,J165820,C4,
31001392,J130253,C4,
31001393,J120937,C4,
31001394,J214811,C4,
31001395,J160419,C4,
31001396,J161752,C4,
31001397,J112610,C4,
31001398,J123726,C4,blackHole
31001399,J124837,C4,
31001400,J151643,C4,pulsar
31001401,J160321,C4,
31001402,J165308,C4,cataclysmic
31001403,J171359,C4,
31001404,J115547,C4,cataclysmic
31001405,J141055,C4,
31001406,J153202,C4,
31001407,J121845,C4,cataclysmic
31001408,J113456,C4,
31001409,J144746,C4,
31001410,J171554,C4,magnetar
31001411,J111029,C4,
31001412,J145129,C4,
31001413,J113730,C4,redGiant
31001414,J100956,C4,
31001415,J134407,C4,
31001416,J101507,C4,redGiant
31001417,J105546,C4,wolfRayet
31001418,J123528,C4,
31001419,J145318,C4,blackHole
31001420,J132611,C4,
31001421,J153338,C4,
31001422,J102534,C4,wolfRayet
31001423,J144519,C4,magnetar
31001424,J141218,C4,blackHole
31001425,J152255,C4,magnetar
31001426,J142241,C4,cataclysmic
31001427,J131047,C4,redGiant
31001428,J100150,C4,blackHole
31001429,J104311,C4,blackHole
31001430,J111950,C4,
31001431,J132754,C4,wolfRayet
31001432,J101551,C4,
31001433,J211027,C4,
31001434,J105415,C4,cataclysmic
31001435,J224148,C4,wolfRayet
31001436,J100806,C4,
31001437,J133638,C4,
31001438,J231614,C4,
31001439,J103110,C4,blackHole
31001440,J101706,C4,
31001441,J142214,C4,
31001442,J155340,C4,
31001443,J165326,C4,cataclysmic
31001444,J133113,C4,
31001445,J122656,C4,blackHole
31001446,J134716,C4,
31001447,J171344,C4,redGiant
31001448,J161119,C4,
31001449,J111404,C4,cataclysmic
31001450,J105346,C4,wolfRayet
31001451,J154631,C4,redGiant
31001452,J150112,C4,redGiant
31001453,J104649,C4,magnetar
31001454,J234421,C4,
31001455,J105726,C4,
31001456,J111758,C4,cataclysmic
31001457,J142923,C4,
31001458,J114026,C4,
31001459,J115118,C4,
31001460,J162226,C4,redGiant
31001461,J165020,C4,wolfRayet
31001462,J125302,C4,
31001463,J113754,C4,magnetar
31001464,J153215,C4,wolfRayet
31001465,J213820,C4,
31001466,J111555,C4,
31001467,J131553,C4,
31001468,J143841,C4,
31001469,J113250,C4,magnetar
31001470,J204635,C4,
31001471,J212954,C4,
31001472,J132309,C4,
31001473,J231341,C4,
31001474,J160800,C4,pulsar
31001475,J155338,C4,
31001476,J132149,C4,
31001477,J171937,C4,
31001478,J152443,C4,
31001479,J111329,C4,redGiant
31001480,J171334,C4,
31001481,J115552,C4,
31001482,J151520,C4,pulsar
31001483,J165920,C4,
31001484,J145838,C4,
31001485,J125031,C4,
31001486,J110736,C4,wolfRayet
31001487,J165423,C4,
31001488,J155521,C4,cataclysmic
31001489,J135508,C4,
31001490,J103008,C4,magnetar
31001491,J103704,C4,magnetar
31001492,J104603,C4,pulsar
31001493,J163641,C4,blackHole
31001494,J203952,C4,
31001495,J105411,C4,
31001496,J101126,C4,
31001497,J122155,C4,wolfRayet
31001498,J110016,C4,redGiant
31001499,J212417,C4,cataclysmic
31001500,J142355,C4,redGiant
31001501,J121347,C4,cataclysmic
31001502,J172915,C4,
31001503,J155416,C4,
31001504,J211258,C4,
31001505,J120643,C4,pulsar
31001506,J143946,C4,pulsar
31001507,J125247,C4,
31001508,J144732,C4,magnetar
31001509,J155711,C4,wolfRayet
31001510,J214308,C4,
31001511,J134851,C4,wolfRayet
31001512,J145452,C4,
31001513,J115026,C4,blackHole
31001514,J151720,C4,
31001515,J151353,C4,blackHole
31001516,J113727,C4,magnetar
31001517,J130944,C4,
31001518,J145238,C4,
31001519,J235219,C4,
31001520,J172512,C4,
31001521,J141322,C4,pulsar
31001522,J210333,C4,
31001523,J135836,C4,pulsar
31001524,J101915,C4,magnetar
31001525,J130203,C4,wolfRayet
31001526,J110719,C4,
31001527,J131208,C4,blackHole
31001528,J121623,C4,pulsar
31001529,J150637,C4,
31001530,J130332,C4,
31001531,J1226-0,C4,
31001532,J114355,C4,cataclysmic
31001533,J144401,C4,redGiant
31001534,J103242,C4,cataclysmic
31001535,J161815,C4,
31001536,J132256,C4,cataclysmic
31001537,J162819,C4,
31001538,J131004,C4,blackHole
31001539,J141931,C4,
31001540,J112630,C4,
31001541,J154109,C4,
31001542,J153116,C4,blackHole
31001543,J160455,C4,
31001544,J102439,C4,magnetar
31001545,J160459,C4,redGiant
31001546,J131712,C4,
31001547,J140244,C4,wolfRayet
31001548,J150635,C4,redGiant
31001549,J125213,C4,magnetar
31001550,J154541,C4,
31001551,J120409,C4,
31001552,J140545,C4,
31001553,J162251,C4,blackHole
31001554,J120450,C4,redGiant
31001555,J220151,C4,
31001556,J104502,C4,
31001557,J152654,C4,cataclysmic
31001558,J124727,C4,
31001559,J151940,C4,
31001560,J212129,C4,
31001561,J141633,C4,
31001562,J145604,C4,
31001563,J212851,C4,magnetar
31001564,J145659,C4,
31001565,J165719,C4,pulsar
31001566,J154706,C4,
31001567,J141252,C4,cataclysmic
31001568,J112110,C4,
31001569,J140912,C4,
31001570,J165532,C4,
31001571,J161037,C4,
31001572,J130828,C4,wolfRayet
31001573,J122934,C4,
31001574,J163435,C4,wolfRayet
31001575,J221855,C4,magnetar
31001576,J124109,C4,blackHole
31001577,J123458,C4,
31001578,J134527,C4,wolfRayet
31001579,J133157,C4,pulsar
31001580,J141342,C4,
31001581,J145757,C4,blackHole
31001582,J130343,C4,blackHole
31001583,J152628,C4,blackHole
31001584,J112928,C4,
31001585,J133358,C4,
31001586,J102844,C4,
31001587,J134732,C4,redGiant
31001588,J213615,C4,magnetar
31001589,J131037,C4,
31001590,J154724,C4,
31001591,J213139,C4,pulsar
31001592,J103104,C4,cataclysmic
31001593,J121116,C4,wolfRayet
31001594,J142822,C4,wolfRayet
31001595,J102521,C4,
31001596,J215935,C4,
31001597,J162303,C4,blackHole
31001598,J102409,C4,
31001599,J104714,C4,pulsar
31001600,J171225,C4,blackHole
31001601,J124306,C4,
31001602,J135908,C4,
31001603,J124930,C4,
31001604,J162632,C4,
31001605,J155313,C4,
31001606,J211328,C4,
31001607,J204506,C4,
31001608,J133957,C4,redGiant
31001609,J115304,C4,
31001610,J112150,C4,
31001611,J131252,C4,
31001612,J133936,C4,
31001613,J143140,C4,magnetar
31001614,J154833,C4,
31001615,J101331,C4,
31001616,J151359,C4,
31001617,J150951,C4,blackHole
31001618,J140215,C4,
31001619,J152421,C4,
31001620,J130554,C4,
31001621,J101604,C4,pulsar
31001622,J150320,C4,blackHole
31001623,J134414,C4,
31001624,J131113,C4,
31001625,J124933,C4,cataclysmic
31001626,J150044,C4,
31001627,J155200,C4,
31001628,J145944,C4,
31001629,J145535,C4,
31001630,J141021,C4,
31001631,J223312,C4,
31001632,J212028,C4,magnetar
31001633,J164835,C4,blackHole
31001634,J115528,C4,
31001635,J143922,C4,
31001636,J225234,C4,
31001637,J165645,C4,pulsar
31001638,J100142,C4,
31001639,J101129,C4,
31001640,J141220,C4,magnetar
31001641,J112450,C4,
31001642,J121558,C4,
31001643,J104404,C4,
31001644,J152633,C4,
31001645,J104624,C4,
31001646,J113227,C4,pulsar
31001647,J211817,C4,pulsar
31001648,J144329,C4,
31001649,J154102,C4,
31001650,J162231,C4,
31001651,J151303,C4,redGiant
31001652,J145848,C4,redGiant
31001653,J152720,C4,magnetar
31001654,J123753,C4,
31001655,J101042,C4,cataclysmic
31001656,J223824,C4,
31001657,J125929,C4,
31001658,J225111,C4,
31001659,J135346,C4,
31001660,J144120,C4,blackHole
31001661,J215743,C4,
31001662,J111007,C4,
31001663,J231710,C4,magnetar
31001664,J141001,C4,
31001665,J163444,C4,
31001666,J103141,C4,blackHole
31001667,J112215,C4,
31001668,J215758,C4,
31001669,J101145,C4,pulsar
31001670,J212838,C4,
31001671,J111458,C4,
31001672,J115554,C4,
31001673,J170445,C4,
31001674,J162831,C4,
31001675,J124236,C4,cataclysmic
31001676,J101535,C4,pulsar
31001677,J113551,C4,redGiant
31001678,J162656,C4,
31001679,J114530,C4,cataclysmic
31001680,J155214,C4,
31001681,J102336,C4,
31001682,J123352,C4,
31001683,J100937,C4,cataclysmic
31001684,J100107,C4,
31001685,J204230,C4,
31001686,J233909,C4,
31001687,J134354,C4,
31001688,J160046,C4,
31001689,J162816,C4,magnetar
31001690,J170305,C4,blackHole
31001691,J102045,C4,pulsar
31001692,J100830,C4,
31001693,J115658,C4,
31001694,J123947,C4,cataclysmic
31001695,J224754,C4,
31001696,J140246,C4,
31001697,J214440,C4,
31001698,J144135,C4,blackHole
31001699,J151021,C4,
31001700,J114133,C4,magnetar
31001701,J130810,C4,redGiant
31001702,J141425,C4,
31001703,J121847,C4,
31001704,J150805,C4,
31001705,J140810,C4,
31001706,J141104,C4,
31001707,J114735,C4,
31001708,J205922,C4,blackHole
31001709,J215101,C4,
31001710,J144131,C4,
31001711,J213429,C4,redGiant
31001712,J121006,C4,pulsar
31001713,J111644,C4,cataclysmic
31001714,J164031,C4,
31001715,J155249,C4,pulsar
31001716,J103228,C4,
31001717,J164025,C4,
31001718,J163217,C4,cataclysmic
31001719,J103631,C4,
31001720,J145739,C4,
31001721,J114408,C4,
31001722,J131704,C4,
31001723,J112404,C4,magnetar
31001724,J104723,C4,pulsar
31001725,J123746,C4,
31001726,J225441,C4,magnetar
31001727,J111629,C4,cataclysmic
31001728,J140154,C4,redGiant
31001729,J144743,C4,wolfRayet
31001730,J210247,C4,
31001731,J133013,C4,redGiant
31001732,J160032,C4,blackHole
31001733,J111009,C4,
31001734,J142117,C4,
31001735,J110417,C4,
31001736,J204853,C4,
31001737,J132144,C4,redGiant
31001738,J160016,C4,
31001739,J142335,C4,
31001740,J105835,C4,
31001741,J102055,C4,
31001742,J140932,C4,wolfRayet
31001743,J134333,C4,
31001744,J160156,C4,
31001745,J150944,C4,magnetar
31001746,J113508,C4,
31001747,J151757,C4,
31001748,J142800,C4,magnetar
31001749,J170642,C4,pulsar
31001750,J130451,C4,wolfRayet
31001751,J113158,C4,redGiant
31001752,J225133,C4,redGiant
31001753,J100001,C4,
31001754,J155831,C4,
31001755,J145749,C4,blackHole
31001756,J164659,C4,
31001757,J135543,C4,
31001758,J132735,C4,
31001759,J141740,C4,pulsar
31001760,J101315,C4,
31001761,J123345,C4,
31001762,J105621,C4,redGiant
31001763,J113813,C4,pulsar
31001764,J135807,C4,
31001765,J122728,C4,
31001766,J110915,C4,
31001767,J171430,C4,magnetar
31001768,J154321,C4,
31001769,J104729,C4,redGiant
31001770,J111753,C4,pulsar
31001771,J140823,C4,
31001772,J161357,C4,blackHole
31001773,J162205,C4,
31001774,J113950,C4,
31001775,J124224,C4,
31001776,J155959,C4,
31001777,J103213,C4,
31001778,J105858,C4,wolfRayet
31001779,J172502,C4,
31001780,J170151,C4,pulsar
31001781,J165058,C4,
31001782,J173638,C4,
31001783,J130330,C4,pulsar
31001784,J132740,C4,
31001785,J133931,C4,magnetar
31001786,J143902,C4,
31001787,J165105,C4,cataclysmic
31001788,J141316,C4,
31001789,J113152,C4,
31001790,J113453,C4,magnetar
31001791,J144845,C4,
31001792,J140053,C4,
31001793,J151416,C4,wolfRayet
31001794,J100846,C4,blackHole
31001795,J165943,C4,wolfRayet
31001796,J103538,C4,
31001797,J154854,C4,
31001798,J212627,C4,blackHole
31001799,J150656,C4,blackHole
31001800,J224031,C4,pulsar
31001801,J215455,C4,
31001802,J122503,C4,
31001803,J103120,C4,cataclysmic
31001804,J164528,C4,pulsar
31001805,J125316,C4,magnetar
31001806,J113131,C4,
31001807,J144038,C4,pulsar
31001808,J172926,C4,
31001809,J154610,C4,wolfRayet
31001810,J103412,C4,
31001811,J150318,C4,cataclysmic
31001812,J211504,C4,
31001813,J111617,C4,blackHole
31001814,J100346,C4,
31001815,J143557,C4,redGiant
31001816,J130001,C4,
31001817,J101142,C4,
31001818,J155002,C4,
31001819,J154232,C4,
31001820,J142506,C4,magnetar
31001821,J155506,C4,
31001822,J163754,C4,
31001823,J100357,C4,
31001824,J115031,C4,
31001825,J122706,C4,
31001826,J114318,C4,redGiant
31001827,J150625,C4,
31001828,J113437,C4,
31001829,J213924,C4,
31001830,J152711,C4,blackHole
31001831,J160929,C4,blackHole
31001832,J153110,C4,redGiant
31001833,J132532,C4,
31001834,J114031,C4,
31001835,J120316,C4,cataclysmic
31001836,J151610,C4,redGiant
31001837,J145937,C4,blackHole
31001838,J122056,C4,redGiant
31001839,J170127,C4,
31001840,J145424,C4,cataclysmic
31001841,J101835,C4,cataclysmic
31001842,J103907,C4,
31001843,J130237,C4,
31001844,J104948,C4,cataclysmic
31001845,J120844,C4,
31001846,J154824,C4,wolfRayet
31001847,J134216,C4,wolfRayet
31001848,J120131,C4,
31001849,J120134,C4,pulsar
31001850,J224558,C4,
31001851,J161029,C4,
31001852,J225530,C4,magnetar
31001853,J154407,C4,
31001854,J140720,C4,
31001855,J222125,C4,blackHole
31001856,J152502,C4,
31001857,J220215,C4,pulsar
31001858,J141647,C4,
31001859,J101957,C4,wolfRayet
31001860,J223808,C4,blackHole
31001861,J105433,C4,
31001862,J153722,C4,magnetar
31001863,J105348,C4,redGiant
31001864,J113133,C4,
31001865,J105319,C4,
31001866,J162828,C4,cataclysmic
31001867,J233449,C4,
31001868,J150026,C4,wolfRayet
31001869,J125629,C4,pulsar
31001870,J123246,C4,cataclysmic
31001871,J215615,C4,magnetar
31001872,J152404,C4,redGiant
31001873,J132152,C4,
31001874,J145335,C4,
31001875,J162255,C4,
31001876,J112722,C4,magnetar
31001877,J134459,C4,
31001878,J131624,C4,magnetar
31001879,J165611,C4,blackHole
31001880,J152820,C5,pulsar
31001881,J135100,C5,
31001882,J122515,C5,wolfRayet
31001883,J172943,C5,
31001884,J205738,C5,
31001885,J134242,C5,
31001886,J103251,C5,magnetar
31001887,J111220,C5,
31001888,J170540,C5,wolfRayet
31001889,J102446,C5,blackHole
31001890,J141137,C5,
31001891,J164147,C5,
31001892,J100702,C5,blackHole
31001893,J133119,C5,magnetar
31001894,J124730,C5,blackHole
31001895,J132823,C5,
31001896,J100724,C5,redGiant
31001897,J162638,C5,pulsar
31001898,J230257,C5,
31001899,J223018,C5,pulsar
31001900,J135449,C5,blackHole
31001901,J133537,C5,blackHole
31001902,J155714,C5,pulsar
31001903,J112325,C5,cataclysmic
31001904,J150606,C5,wolfRayet
31001905,J110550,C5,
31001906,J205659,C5,redGiant
31001907,J100120,C5,
31001908,J151057,C5,
31001909,J213245,C5,wolfRayet
31001910,J121230,C5,
31001911,J145203,C5,wolfRayet
31001912,J111106,C5,cataclysmic
31001913,J222834,C5,
31001914,J232336,C5,
31001915,J161032,C5,
31001916,J154733,C5,
31001917,J153144,C5,
31001918,J122721,C5,magnetar
31001919,J133440,C5,
31001920,J103727,C5,
31001921,J152739,C5,
31001922,J140717,C5,
31001923,J205205,C5,
31001924,J130026,C5,pulsar
31001925,J151035,C5,
31001926,J112603,C5,blackHole
31001927,J151811,C5,blackHole
31001928,J105441,C5,
31001929,J124949,C5,blackHole
31001930,J130711,C5,blackHole
31001931,J131948,C5,
31001932,J132814,C5,wolfRayet
31001933,J213734,C5,
31001934,J140608,C5,wolfRayet
31001935,J212336,C5,pulsar
31001936,J104448,C5,magnetar
31001937,J164846,C5,wolfRayet
31001938,J161354,C5,
31001939,J103959,C5,
31001940,J114353,C5,redGiant
31001941,J171622,C5,cataclysmic
31001942,J143123,C5,pulsar
31001943,J125023,C5,
31001944,J122116,C5,
31001945,J151718,C5,
31001946,J153335,C5,wolfRayet
31001947,J170122,C5,
31001948,J150515,C5,magnetar
31001949,J104216,C5,
31001950,J111000,C5,
31001951,J155600,C5,cataclysmic
31001952,J132601,C5,blackHole
31001953,J132258,C5,
31001954,J221512,C5,redGiant
31001955,J125853,C5,cataclysmic
31001956,J141609,C5,
31001957,J134096,C5,cataclysmic
31001958,J121146,C5,
31001959,J121649,C5,cataclysmic
31001960,J135559,C5,
31001961,J130735,C5,
31001962,J144115,C5,blackHole
31001963,J112241,C5,magnetar
31001964,J141204,C5,cataclysmic
31001965,J131401,C5,
31001966,J170231,C5,
31001967,J164430,C5,
31001968,J143740,C5,
31001969,J115517,C5,
31001970,J230936,C5,
31001971,J133525,C5,redGiant
31001972,J215338,C5,
31001973,J112003,C5,
31001974,J214318,C5,
31001975,J110938,C5,
31001976,J103453,C5,blackHole
31001977,J101000,C5,cataclysmic
31001978,J110117,C5,
31001979,J100328,C5,blackHole
31001980,J155845,C5,
31001981,J152703,C5,
31001982,J110628,C5,redGiant
31001983,J142438,C5,wolfRayet
31001984,J153054,C5,
31001985,J114019,C5,
31001986,J233255,C5,wolfRayet
31001987,J135046,C5,
31001988,J145322,C5,magnetar
31001989,J112844,C5,pulsar
31001990,J120816,C5,redGiant
31001991,J165340,C5,
31001992,J124409,C5,wolfRayet
31001993,J124733,C5,
31001994,J173645,C5,
31001995,J165743,C5,
31001996,J171013,C5,
31001997,J155905,C5,
31001998,J213055,C5,cataclysmic
31001999,J212224,C5,wolfRayet
31002000,J234252,C5,blackHole
31002001,J150036,C5,
31002002,J172431,C5,
31002003,J114154,C5,cataclysmic
31002004,J115127,C5,
31002005,J233658,C5,
31002006,J114403,C5,blackHole
31002007,J165946,C5,redGiant
31002008,J124046,C5,
31002009,J102736,C5,magnetar
31002010,J133252,C5,
31002011,J140600,C5,
31002012,J163701,C5,
31002013,J115041,C5,
31002014,J154726,C5,
31002015,J123602,C5,blackHole
31002016,J100549,C5,
31002017,J124100,C5,blackHole
31002018,J113701,C5,
31002019,J164327,C5,
31002020,J110018,C5,
31002021,J164511,C5,cataclysmic
31002022,J130037,C5,magnetar
31002023,J101028,C5,
31002024,J100858,C5,
31002025,J151813,C5,pulsar
31002026,J113758,C5,
31002027,J153802,C5,cataclysmic
31002028,J130401,C5,redGiant
31002029,J130241,C5,
31002030,J232934,C5,wolfRayet
31002031,J213642,C5,
31002032,J144107,C5,magnetar
31002033,J140336,C5,redGiant
31002034,J214712,C5,
31002035,J170809,C5,blackHole
31002036,J220924,C5,
31002037,J142624,C5,magnetar
31002038,J150306,C5,
31002039,J100425,C5,
31002040,J161745,C5,redGiant
31002041,J131718,C5,
31002042,J151319,C5,
31002043,J113059,C5,
31002044,J142234,C5,
31002045,J113636,C5,cataclysmic
31002046,J142858,C5,wolfRayet
31002047,J135540,C5,redGiant
31002048,J155739,C5,
31002049,J132427,C5,blackHole
31002050,J114337,C5,
31002051,J121842,C5,
31002052,J100415,C5,
31002053,J143057,C5,
31002054,J165953,C5,wolfRayet
31002055,J102753,C5,blackHole
31002056,J221325,C5,wolfRayet
31002057,J114443,C5,magnetar
31002058,J125990,C5,
31002059,J114518,C5,cataclysmic
31002060,J102623,C5,wolfRayet
31002061,J164900,C5,
31002062,J122049,C5,redGiant
31002063,J154846,C5,wolfRayet
31002064,J115522,C5,
31002065,J145844,C5,magnetar
31002066,J121704,C5,
31002067,J121959,C5,
31002068,J105849,C5,wolfRayet
31002069,J122610,C5,
31002070,J152912,C5,blackHole
31002071,J145359,C5,
31002072,J154906,C5,magnetar
31002073,J160547,C5,magnetar
31002074,J111150,C5,redGiant
31002075,J111935,C5,
31002076,J100237,C5,wolfRayet
31002077,J145735,C5,
31002078,J103600,C5,blackHole
31002079,J211517,C5,wolfRayet
31002080,J131128,C5,cataclysmic
31002081,J143107,C5,blackHole
31002082,J213125,C5,pulsar
31002083,J152325,C5,cataclysmic
31002084,J114014,C5,wolfRayet
31002085,J215215,C5,
31002086,J143718,C5,blackHole
31002087,J134141,C5,cataclysmic
31002088,J114842,C5,
31002089,J105504,C5,blackHole
31002090,J130302,C5,cataclysmic
31002091,J170327,C5,
31002092,J120823,C5,magnetar
31002093,J153449,C5,redGiant
31002094,J164621,C5,magnetar
31002095,J142631,C5,
31002096,J134652,C5,
31002097,J123628,C5,
31002098,J130621,C5,
31002099,J171158,C5,
31002100,J163930,C5,cataclysmic
31002101,J113907,C5,
31002102,J164610,C5,
31002103,J145512,C5,magnetar
31002104,J133833,C5,
31002105,J141250,C5,redGiant
31002106,J105623,C5,magnetar
31002107,J120010,C5,
31002108,J233630,C5,blackHole
31002109,J162007,C5,blackHole
31002110,J215124,C5,
31002111,J141615,C5,
31002112,J133222,C5,
31002113,J105822,C5,wolfRayet
31002114,J171136,C5,
31002115,J152111,C5,pulsar
31002116,J104846,C5,redGiant
31002117,J123440,C5,
31002118,J121416,C5,magnetar
31002119,J161635,C5,blackHole
31002120,J141043,C5,
31002121,J163408,C5,cataclysmic
31002122,J135204,C5,
31002123,J133913,C5,magnetar
31002124,J153447,C5,cataclysmic
31002125,J145313,C5,
31002126,J162753,C5,pulsar
31002127,J135301,C5,wolfRayet
31002128,J125254,C5,cataclysmic
31002129,J145320,C5,redGiant
31002130,J103116,C5,
31002131,J120437,C5,
31002132,J100252,C5,
31002133,J153919,C5,pulsar
31002134,J115520,C5,wolfRayet
31002135,J100919,C5,wolfRayet
31002136,J115933,C5,pulsar
31002137,J133529,C5,
31002138,J131549,C5,cataclysmic
31002139,J205517,C5,
31002140,J220546,C5,
31002141,J102853,C5,
31002142,J115418,C5,
31002143,J155040,C5,
31002144,J172937,C5,
31002145,J122757,C5,
31002146,J100759,C5,
31002147,J145416,C5,
31002148,J152034,C5,magnetar
31002149,J125544,C5,wolfRayet
31002150,J123235,C5,
31002151,J151204,C5,
31002152,J104537,C5,blackHole
31002153,J162047,C5,wolfRayet
31002154,J140514,C5,
31002155,J154152,C5,
31002156,J143626,C5,pulsar
31002157,J161737,C5,blackHole
31002158,J142110,C5,
31002159,J112042,C5,
31002160,J105719,C5,blackHole
31002161,J101556,C5,
31002162,J230047,C5,blackHole
31002163,J213226,C5,pulsar
31002164,J104218,C5,
31002165,J115308,C5,redGiant
31002166,J140418,C5,blackHole
31002167,J101343,C5,wolfRayet
31002168,J105135,C5,redGiant
31002169,J111818,C5,redGiant
31002170,J110841,C5,
31002171,J134024,C5,
31002172,J142349,C5,
31002173,J212203,C5,wolfRayet
31002174,J124942,C5,cataclysmic
31002175,J131747,C5,wolfRayet
31002176,J133553,C5,blackHole
31002177,J115422,C5,
31002178,J103448,C5,
31002179,J161301,C5,
31002180,J130334,C5,
31002181,J172125,C5,magnetar
31002182,J114537,C5,cataclysmic
31002183,J134440,C5,
31002184,J101912,C5,wolfRayet
31002185,J214006,C5,cataclysmic
31002186,J235108,C5,
31002187,J124538,C5,redGiant
31002188,J125641,C5,blackHole
31002189,J141728,C5,
31002190,J100616,C5,pulsar
31002191,J204350,C5,
31002192,J151300,C5,cataclysmic
31002193,J114041,C5,
31002194,J115644,C5,
31002195,J103328,C5,wolfRayet
31002196,J143127,C5,blackHole
31002197,J121459,C5,
31002198,J114441,C5,
31002199,J102345,C5,magnetar
31002200,J161609,C5,
31002201,J131646,C5,
31002202,J144543,C5,wolfRayet
31002203,J123658,C5,
31002204,J121450,C5,
31002205,J145753,C5,
31002206,J130510,C5,
31002207,J135402,C5,
31002208,J165220,C5,
31002209,J124152,C5,redGiant
31002210,J162349,C5,wolfRayet
31002211,J210750,C5,pulsar
31002212,J235305,C5,blackHole
31002213,J120546,C5,blackHole
31002214,J105059,C5,magnetar
31002215,J140249,C5,
31002216,J154551,C5,
31002217,J151530,C5,pulsar
31002218,J122520,C5,
31002219,J151200,C5,blackHole
31002220,J143245,C5,
31002221,J124722,C5,blackHole
31002222,J173506,C5,wolfRayet
31002223,J121747,C5,wolfRayet
31002224,J235456,C5,redGiant
31002225,J113712,C5,cataclysmic
31002226,J165940,C5,pulsar
31002227,J165520,C5,
31002228,J135653,C5,
31002229,J132946,C5,
31002230,J134702,C5,redGiant
31002231,J111249,C5,
31002232,J105607,C5,cataclysmic
31002233,J100551,C5,
31002234,J140524,C5,blackHole
31002235,J234152,C5,magnetar
31002236,J164732,C5,
31002237,J131505,C5,cataclysmic
31002238,J115405,C5,
31002239,J215009,C5,cataclysmic
31002240,J161940,C5,
31002241,J145825,C5,
31002242,J132605,C5,
31002243,J115907,C5,wolfRayet
31002244,J125634,C5,
31002245,J110530,C5,magnetar
31002246,J100854,C5,
31002247,J102053,C5,redGiant
31002248,J111518,C5,
31002249,J145349,C5,
31002250,J145846,C5,
31002251,J215554,C5,
31002252,J115950,C5,redGiant
31002253,J100109,C5,
31002254,J161838,C5,cataclysmic
31002255,J173052,C5,
31002256,J170807,C5,
31002257,J105246,C5,
31002258,J144944,C5,cataclysmic
31002259,J170930,C5,
31002260,J130039,C5,wolfRayet
31002261,J103615,C5,
31002262,J111227,C5,wolfRayet
31002263,J153222,C5,cataclysmic
31002264,J144434,C5,blackHole
31002265,J230842,C5,
31002266,J172139,C5,redGiant
31002267,J232741,C5,redGiant
31002268,J110634,C5,cataclysmic
31002269,J124058,C5,magnetar
31002270,J123432,C5,redGiant
31002271,J151909,C5,pulsar
31002272,J145706,C5,wolfRayet
31002273,J230242,C5,blackHole
31002274,J172840,C5,
31002275,J131450,C5,wolfRayet
31002276,J125101,C5,
31002277,J142910,C5,
31002278,J131142,C5,blackHole
31002279,J152827,C5,blackHole
31002280,J115901,C5,
31002281,J114100,C5,wolfRayet
31002282,J162132,C5,
31002283,J171722,C5,pulsar
31002284,J135554,C5,
31002285,J214212,C5,
31002286,J130305,C5,
31002287,J111543,C5,
31002288,J160623,C5,pulsar
31002289,J234722,C5,pulsar
31002290,J133513,C5,blackHole
31002291,J104704,C5,
31002292,J120354,C5,cataclysmic
31002293,J165312,C5,
31002294,J103812,C5,
31002295,J143525,C5,
31002296,J125716,C5,magnetar
31002297,J143845,C5,cataclysmic
31002298,J135626,C5,blackHole
31002299,J115905,C5,magnetar
31002300,J233917,C5,magnetar
31002301,J140343,C5,
31002302,J114315,C5,
31002303,J142653,C5,redGiant
31002304,J132546,C5,
31002305,J165205,C5,cataclysmic
31002306,J122518,C5,
31002307,J153825,C5,redGiant
31002308,J101435,C5,cataclysmic
31002309,J143819,C5,
31002310,J170417,C5,redGiant
31002311,J115727,C5,
31002312,J115124,C5,
31002313,J135533,C5,wolfRayet
31002314,J230745,C5,
31002315,J112918,C5,blackHole
31002316,J111640,C5,wolfRayet
31002317,J231137,C5,
31002318,J111613,C5,cataclysmic
31002319,J145131,C5,
31002320,J111003,C5,cataclysmic
31002321,J131520,C5,
31002322,J120922,C5,redGiant
31002323,J142138,C5,magnetar
31002324,J153106,C5,redGiant
31002325,J111939,C5,blackHole
31002326,J173550,C5,
31002327,J145310,C5,
31002328,J155928,C5,
31002329,J234208,C5,blackHole
31002330,J105722,C5,
31002331,J123546,C5,
31002332,J210235,C5,
31002333,J170736,C5,redGiant
31002334,J170240,C5,
31002335,J125532,C5,
31002336,J133923,C5,redGiant
31002337,J131509,C5,
31002338,J210519,C5,blackHole
31002339,J233517,C5,
31002340,J162612,C5,
31002341,J123055,C5,magnetar
31002342,J212302,C5,magnetar
31002343,J102103,C5,
31002344,J213956,C5,wolfRayet
31002345,J161944,C5,
31002346,J135705,C5,redGiant
31002347,J103215,C5,
31002348,J141032,C5,
31002349,J135306,C5,redGiant
31002350,J155256,C5,blackHole
31002351,J162853,C5,redGiant
31002352,J104809,C5,blackHole
31002353,J144454,C5,redGiant
31002354,J110759,C5,
31002355,J215304,C5,blackHole
31002356,J110946,C5,
31002357,J230221,C5,cataclysmic
31002358,J140133,C5,
31002359,J105531,C5,
31002360,J213502,C5,blackHole
31002361,J101647,C5,
31002362,J133023,C5,magnetar
31002363,J164553,C5,
31002364,J232959,C5,
31002365,J152106,C5,pulsar
31002366,J142535,C5,
31002367,J104859,C6,pulsar
31002368,J155838,C6,
31002369,J164745,C6,cataclysmic
31002370,J135504,C6,redGiant
31002371,J115923,C6,
31002372,J151325,C6,pulsar
31002373,J105705,C6,cataclysmic
31002374,J141434,C6,
31002375,J115844,C6,
31002376,J133906,C6,
31002377,J115855,C6,
31002378,J150020,C6,magnetar
31002379,J142528,C6,
31002380,J130900,C6,
31002381,J222045,C6,pulsar
31002382,J111450,C6,cataclysmic
31002383,J103800,C6,redGiant
31002384,J144420,C6,
31002385,J152550,C6,
31002386,J114003,C6,magnetar
31002387,J143751,C6,
31002388,J215930,C6,redGiant
31002389,J120512,C6,cataclysmic
31002390,J145939,C6,
31002391,J135623,C6,cataclysmic
31002392,J111918,C6,redGiant
31002393,J162614,C6,pulsar
31002394,J104921,C6,
31002395,J230049,C6,cataclysmic
31002396,J115935,C6,
31002397,J151920,C6,cataclysmic
31002398,J160855,C6,
31002399,J155311,C6,
31002400,J101553,C6,pulsar
31002401,J110421,C6,wolfRayet
31002402,J155207,C6,
31002403,J143200,C6,redGiant
31002404,J110834,C6,
31002405,J142247,C6,cataclysmic
31002406,J112028,C6,blackHole
31002407,J111520,C6,blackHole
31002408,J161335,C6,
31002409,J170118,C6,
31002410,J160722,C6,redGiant
31002411,J124504,C6,redGiant
31002412,J212612,C6,
31002413,J154829,C6,cataclysmic
31002414,J144436,C6,
31002415,J165641,C6,blackHole
31002416,J145510,C6,
31002417,J110810,C6,blackHole
31002418,J131916,C6,
31002419,J120103,C6,redGiant
31002420,J171404,C6,redGiant
31002421,J104632,C6,
31002422,J103400,C6,redGiant
31002423,J154021,C6,magnetar
31002424,J122249,C6,redGiant
31002425,J213753,C6,redGiant
31002426,J155650,C6,
31002427,J152722,C6,
31002428,J100501,C6,
31002429,J140918,C6,wolfRayet
31002430,J103414,C6,redGiant
31002431,J223432,C6,
31002432,J100409,C6,
31002433,J141502,C6,
31002434,J115008,C6,redGiant
31002435,J112829,C6,
31002436,J105801,C6,pulsar
31002437,J105023,C6,wolfRayet
31002438,J101652,C6,redGiant
31002439,J163225,C6,pulsar
31002440,J135220,C6,cataclysmic
31002441,J114430,C6,magnetar
31002442,J103504,C6,
31002443,J123940,C6,
31002444,J104857,C6,magnetar
31002445,J112417,C6,
31002446,J205141,C6,magnetar
31002447,J104037,C6,
31002448,J144902,C6,
31002449,J122818,C6,pulsar
31002450,J211353,C6,wolfRayet
31002451,J104136,C6,
31002452,J172842,C6,cataclysmic
31002453,J122452,C6,pulsar
31002454,J140200,C6,magnetar
31002455,J232246,C6,
31002456,J101748,C6,
31002457,J133241,C6,cataclysmic
31002458,J151817,C6,wolfRayet
31002459,J124201,C6,
31002460,J125111,C6,pulsar
31002461,J101755,C6,blackHole
31002462,J101708,C6,
31002463,J135031,C6,magnetar
31002464,J152117,C6,
31002465,J164701,C6,wolfRayet
31002466,J132106,C6,pulsar
31002467,J141319,C6,redGiant
31002468,J170845,C6,
31002469,J161215,C6,
31002470,J111447,C6,
31002471,J222408,C5,
31002472,J161747,C5,cataclysmic
31002473,J132328,C5,pulsar
31002474,J153217,C6,
31002475,J142814,C5,magnetar
31002476,J101248,C5,
31002477,J135825,C5,cataclysmic
31002478,J151838,C6,
31002479,J100820,C5,
31002480,J213344,C5,
31002481,J103701,C5,
31002482,J171246,C5,
31002483,J170158,C5,blackHole
31002484,J230559,C6,redGiant
31002485,J145208,C5,
31002486,J224721,C5,cataclysmic
31002487,J105934,C6,magnetar
31002488,J130818,C5,magnetar
31002489,J140555,C6,
31002490,J221356,C5,
31002491,J111245,C5,
31002492,J102834,C6,magnetar
31002493,J154509,C5,
31002494,J234928,C5,
31002495,J222604,C6,redGiant
31002496,J133011,C5,redGiant
31002497,J125245,C5,
31002498,J145523,C6,
31002499,J143605,C5,magnetar
31002500,J120750,C5,
31002501,J104617,C5,cataclysmic
31002502,J125122,C6,cataclysmic
31002503,J114809,C5,
31002504,J125657,C5,
31002505,J015092,C1,blackHole
31002506,J005834,C1,cataclysmic
31002507,J012402,C1,magnetar
31002508,J005926,C1,pulsar
31002509,J010569,C1,redGiant
31002510,J012157,C1,
31002511,J002757,C1,
31002512,J004791,C1,
31002513,J004317,C1,
31002514,J002216,C1,
31002515,J005482,C2,blackHole
31002516,J005900,C2,cataclysmic
31002517,J013070,C2,magnetar
31002518,J001057,C2,pulsar
31002519,J011321,C2,redGiant
31002520,J013123,C2,
31002521,J012735,C2,
31002522,J012635,C2,
31002523,J010000,C2,
31002524,J001890,C2,
31002525,J002964,C2,
31002526,J004686,C2,
31002527,J011563,C3,blackHole
31002528,J001348,C3,cataclysmic
31002529,J002838,C3,magnetar
31002530,J001670,C3,pulsar
31002531,J014348,C3,redGiant
31002532,J003789,C3,
31002533,J012794,C3,
31002534,J005923,C3,
31002535,J001398,C3,
31002536,J011339,C3,
31002537,J004283,C3,
31002538,J002625,C4,blackHole
31002539,J004470,C4,blackHole
31002540,J011824,C4,cataclysmic
31002541,J010247,C4,cataclysmic
31002542,J002423,C4,magnetar
31002543,J001302,C4,magnetar
31002544,J010556,C4,pulsar
31002545,J011778,C4,pulsar
31002546,J005259,C4,redGiant
31002547,J005969,C4,redGiant
31002548,J001769,C4,wolfRayet
31002549,J004150,C4,wolfRayet
31002550,J005872,C4,
31002551,J011376,C4,
31002552,J005299,C4,
31002553,J011355,C4,
31002554,J011195,C4,
31002555,J005280,C4,
31002556,J010811,C5,blackHole
31002557,J001694,C5,blackHole
31002558,J003941,C5,cataclysmic
31002559,J011790,C5,cataclysmic
31002560,J013146,C5,magnetar
31002561,J004998,C5,magnetar
31002562,J003382,C5,pulsar
31002563,J003546,C5,pulsar
31002564,J001820,C5,redGiant
31002565,J012578,C5,redGiant
31002566,J012773,C5,wolfRayet
31002567,J005223,C5,wolfRayet
31002568,J005663,C5,
31002569,J003793,C5,
31002570,J004128,C5,
31002571,J005070,C5,
31002572,J001025,C5,
31002573,J005724,C5,
31002574,J004921,C5,
31002575,J012686,C6,
31002576,J010366,C6,
31002577,J012475,C6,
31002578,J015227,C6,
31002579,J010951,C6,
31002580,J000895,C13,wolfRayet
31002581,J000487,C13,wolfRayet
31002582,J000621,C13,wolfRayet
31002583,J000551,C13,wolfRayet
31002584,J000630,C13,wolfRayet
31002585,J000452,C13,wolfRayet
31002586,J000327,C13,wolfRayet
31002587,J000186,C13,wolfRayet
31002588,J000528,C13,wolfRayet
31002589,J000353,C13,wolfRayet
31002590,J000461,C13,wolfRayet
31002591,J000522,C13,wolfRayet
31002592,J000965,C13,wolfRayet
31002593,J000304,C13,wolfRayet
31002594,J000595,C13,wolfRayet
31002595,J000685,C13,wolfRayet
31002596,J000844,C13,wolfRayet
31002597,J000719,C13,wolfRayet
31002598,J000726,C13,wolfRayet
31002599,J000214,C13,wolfRayet
31002600,J000652,C13,wolfRayet
31002601,J000313,C13,wolfRayet
31002602,J000687,C13,wolfRayet
31002603,J000427,C13,wolfRayet
31002604,J000102,C13,wolfRayet
32000001,Ora,A,
32000002,Fpbgg,A,
32000003,Unsfgrvaa,A,
32000004,Fxhyv,A,
32000005,Naqer,A,
32000006,Fxhyv,A,
32000007,Rhna,A,
32000008,Orethe,A,
32000009,Xnfcre,A,
32000010,Gbezbq,A,
32000011,Puevf,A,
32000012,Puevf,A,
32000013,Finauivg,A,
32000014,Puevf,A,
32000015,Orethe,A,
32000016,Abeoreg,A,
32000017,Ubbcre,A,
32000018,Fpbgg,A,
32000019,Fgrir,A,
32000020,Abeoreg,A,
32000021,Punapr,A,
32000022,Fgrira,A,
32000023,Naqer,A,
32000024,Bynshe,A,
32000025,Xnfcre,A,
32000026,Puevf,A,
32000027,Jvyyrz,A,
32000028,Jvyyrz,A,
32000029,Unsfgrvaa,A,
32000030,Uhav,A,
32000031,Ora,A,
32000032,Gbezbq,A,
32000033,Pney,A,
32000034,Rhna,A,
32000035,Fxhyv,A,
32000036,Ubbcre,A,
32000037,Ora,A,
32000038,Bynshe,A,
32000039,Fxhyv,A,
32000040,Naqer,A,
32000041,Unsfgrvaa,A,
32000042,Serle,A,
32000043,	Xevfgvaa,A,
32000044,Jvyyrz,A,
32000045,Fretrl,A,
32000046,Punapr,A,
32000047,Fpbgg,A,
32000048,Ora,A,
32000049,Puevf,A,
32000050,Fpbgg,A,
32000051,Oretgube,A,
32000052,Punapr,A,
32000053,Oretgube,A,
32000054,Gbezbq,A,
32000055,Oretgube,A,
32000056,Znex,A,
32000057,Finauivg,A,
32000058,Uhav,A,
32000059,Znex,A,
32000060,Xevfgvaa,A,
32000061,Znex,A,
32000062,Uhav,A,
32000063,Puevf,A,
32000064,Bynshe,A,
32000065,Fpbgg,A,
32000066,Naqer,A,
32000067,Ora,A,
32000068,Fgrira,A,
32000069,Znex,A,
32000070,Xnfcre,A,
32000071,Gbezbq,A,
32000072,Jvyyrz,A,
32000073,Oretgube,A,
32000074,Bynshe,A,
32000075,Unsfgrvaa,A,
32000076,Serle,A,
32000077,Uhav,A,
32000078,Serle,A,
32000079,Ubbcre,A,
32000080,Punapr,A,
32000081,Fgrira,A,
32000082,Fgrir,A,
32000083,Bynshe,A,
32000084,Trbet,A,
32000085,Ubbcre,A,
32000086,Ora,A,
32000087,Pney,A,
32000088,Puevf,A,
32000089,Punapr,A,
32000090,Xnfcre,A,
32000091,Abeoreg,A,
32000092,Xnfcre,A,
32000093,Fpbgg,A,
32000094,Ubbcre,A,
32000095,Uhav,A,
32000096,Puevf,A,
32000097,Xevfgvaa,A,
32000098,Rhna,A,
32000099,Abeoreg,A,
32000100,Orethe,A,
32000101,Serle,A,
32000102,Naqer,A,
32000103,Serle,A,
32000104,Orethe,A,
32000105,Ora,A,
32000106,Jvyyrz,A,
32000107,Fxhyv,A,
32000108,Znex,A,
32000109,Rhna,A,
32000110,Trbet,A,
32000111,Punapr,A,
32000112,Pney,A,
32000113,Uvaevx,A,
32000114,Ubbcre,A,
32000115,Wnivre,A,
32000116,Pney,A,
32000117,Punapr,A,
32000118,Fxhyv,A,
32000119,Orethe,A,
32000120,Fgrira,A,
32000121,Xevfgvaa,A,
32000122,Wbanguna,A,
32000123,Znex,A,
32000124,Fpbgg,A,
32000125,Fxhyv,A,
32000126,Bynshe,A,
32000127,Wnivre,A,
32000128,Uvaevx,A,
32000129,Jvyyrz,A,
32000130,Pney,A,
32000131,Wbanguna,A,
32000132,Wnivre,A,
32000133,Gbezbq,A,
32000134,Fpbgg,A,
32000135,Bynshe,A,
32000136,Fpbgg,A,
32000137,Pney,A,
32000138,Orethe,A,
32000139,Rhna,A,
32000140,Fgrir,A,
32000141,Oretgube,A,
32000142,Fgrira,A,
32000143,Abeoreg,A,
32000144,Fxhyv,A,
32000145,Rhna,A,
32000146,Wnivre,A,
32000147,Jvyyrz,A,
32000148,Fgrir,A,
32000149,Wnivre,A,
32000150,Unsfgrvaa,A,
32000151,Fgrira,A,
32000152,Fxhyv,A,
32000153,Wbanguna,A,
32000154,Fretrl,A,
32000155,Xevfgvaa,A,
32000156,Unsfgrvaa,A,
32000157,Finauivg,A,
32000158,Fpbgg,A,
32000159,Bynshe,A,
32000160,Abeoreg,A,
32000161,Naqer,A,
32000162,Puevf,A,
32000163,Fgrir,A,
32000164,Ora,A,
32000165,Ubbcre,A,
32000166,Naqer,A,
32000167,Uvaevx,A,
32000168,Ubbcre,A,
32000169,Oretgube,A,
32000170,Ubbcre,A,
32000171,Wbanguna,A,
32000172,Pney,A,
32000173,Xnfcre,A,
32000174,Fretrl,A,
32000175,Fgrir,A,
32000176,Ubbcre,A,
32000177,Abeoreg,A,
32000178,Xevfgvaa,A,
32000179,Fretrl,A,
32000180,Gbezbq,A,
32000181,Xnfcre,A,
32000182,Jvyyrz,A,
32000183,Znex,A,
32000184,Trbet,A,
32000185,Gbezbq,A,
32000186,Fgrira,A,
32000187,Wbanguna,A,
32000188,Fxhyv,A,
32000189,Fxhyv,A,
32000190,Punapr,A,
32000191,Oretgube,A,
32000192,Pney,A,
32000193,Xnfcre,A,
32000194,Ubbcre,A,
32000195,Gbezbq,A,
32000196,Fxhyv,A,
32000197,Fgrir,A,
32000198,Pney,A,
32000199,Jvyyrz,A,
32000200,Bynshe,A,
33000001,P-001,P,
33000002,P-002,P,
33000003,P-003,P,
33000004,P-004,P,
33000005,P-005,P,
33000006,P-006,P,
33000007,P-007,P,
33000008,P-008,P,
33000009,P-009,P,
33000010,P-010,P,
33000011,P-011,P,
33000012,P-012,P,
33000013,P-013,P,
33000014,P-014,P,
33000015,P-015,P,
33000016,P-016,P,
33000017,P-017,P,
33000018,P-018,P,
33000019,P-019,P,
33000020,P-020,P,
33000021,P-021,P,
33000022,P-022,P,
33000023,P-023,P,
33000024,P-024,P,
33000025,P-025,P,
33000026,P-026,P,
33000027,P-027,P,
33000028,P-028,P,
33000029,P-029,P,
33000030,P-030,P,
33000031,P-031,P,
33000032,P-032,P,
33000033,P-033,P,
33000034,P-034,P,
33000035,P-035,P,
33000036,P-036,P,
33000037,P-037,P,
33000038,P-038,P,
33000039,P-039,P,
33000040,P-040,P,
33000041,P-041,P,
33000042,P-042,P,
33000043,P-043,P,
33000044,P-044,P,
33000045,P-045,P,
33000046,P-046,P,
33000047,P-047,P,
33000048,P-048,P,
33000049,P-049,P,
33000050,P-050,P,
